{
  "posts": [
    {
      "id": 1,
      "title": "json-server",
      "author": "typicode"
    }
  ],
  "comments": [
    {
      "id": 1,
      "body": "some comment",
      "postId": 1
    }
  ],
  "profile": {
    "name": "typicode"
  },
  "news": [
    {
      "Title": "Cubic Telecom's €473m investment, the true cost of EVs, and the gender pay gap",
      "Source": "irishtimes.com",
      "Url": "http://www.irishtimes.com/business/2023/12/05/squares-new-european-head-the-true-cost-of-evs-and-the-gender-pay-gap",
      "PublishedOn": "2023-12-05T10:30:36.120Z",
      "Description": "The best news, analysis and comment from The Irish Times business desk",
      "Language": "en",
      "Image": "https://www.irishtimes.com/resizer/GWLtPufdvjfocGwVmZXU6gR4xDM=/1200x630/filters:format(jpg):quality(70)/cloudfront-eu-central-1.images.arcpublishing.com/irishtimes/QTUSMS4VCKGSIVDP5WOBSUYESA.jpg",
      "SourceNationality": "ie",
      "TitleSentiment": {
        "sentiment": "positive",
        "score": 0.34
      },
      "Summary": "Fiona Reddan looks at the various costs attaching to the purchase of an EV, everything from the price tag, to insurance and tax, and of charging it up. In our personal finance Q&A today, a reader who is a first-time buyer is looking to purchase a second hand home and wonders if the Government will extend the Help to Buy scheme to such properties.",
      "Countries": [
        "ie",
        "jp"
      ],
      "Categories": {
        "label": "economic sector",
        "IPTCCode": "medtop:20000209"
      }
    },
    {
      "Title": "Conor McGregor 'is trying to wait me out', claims Michael Chandler... as American admits frustration over delays to huge clash and targets 'dream scenario' at UFC 300",
      "Source": "dailymail.co.uk",
      "Url": "https://www.dailymail.co.uk/sport/mma/article-12826989/Conor-McGregor-trying-wait-claims-Michael-Chandler-American-admits-frustration-delays-huge-clash-targets-dream-scenario-UFC-300.html#comments",
      "PublishedOn": "2023-12-05T10:15:08.000Z",
      "Description": "Michael Chandler has admitted his frustration at the lack of movement of his planned fight with Conor McGregor.  The American has had to bide his time and be patient.",
      "Language": "en",
      "Image": "https://i.dailymail.co.uk/1s/2023/12/05/10/76454785-0-image-m-42_1701771212578.jpg",
      "SourceNationality": "gb",
      "TitleSentiment": {
        "sentiment": "negative",
        "score": -0.78
      },
      "Summary": "Michael Chandler has admitted his frustration at the lack of movement of his planned fight with Conor McGregor. I’ve seen Conor talk, completely dismiss me and act like to fight with me isn’t happening.",
      "Countries": [
        "us"
      ],
      "Categories": {
        "label": "sport",
        "IPTCCode": "medtop:15000000"
      }
    },
    {
      "Title": "British tourist, 22, 'was raped in a pizzeria by barman, 30, who pushed her into a side room when she dropped in for a meal while on holiday in Napoli'",
      "Source": "dailymail.co.uk",
      "Url": "https://www.dailymail.co.uk/news/article-12826903/British-tourist-22-raped-pizzeria-barman-30-pushed-room-dropped-meal-holiday-Napoli.html#comments",
      "PublishedOn": "2023-12-05T10:08:31.000Z",
      "Description": "Returning to the southern Italian city to testify before a judge, the 22-year-old tourist this week told the court how she was on holiday when she suffered 'the worst experience of her life'",
      "Language": "en",
      "Image": "https://i.dailymail.co.uk/1s/2023/12/05/10/78589601-0-image-a-24_1701770898362.jpg",
      "SourceNationality": "gb",
      "TitleSentiment": {
        "sentiment": "negative",
        "score": -0.94
      },
      "Summary": "An English tourist who was allegedly raped by a barman in Naples in a July attack is now working with prosecutors to recreate the harrowing incident. 'If I came back here to confirm what I said during the complaint - it's to get justice,' the woman told the court through the assistance of her Neopolitan lawyer, Lucilla Longone.",
      "Countries": [
        "gb",
        "it"
      ],
      "Categories": {
        "label": "sex crime",
        "IPTCCode": "medtop:20000085"
      }
    },
    {
      "Title": "Man United fan Helen Housby idolised David Beckham growing up... but now the England netball star loves inspiring the next generation herself as she gets a Sky Sports Editions cover shoot",
      "Source": "dailymail.co.uk",
      "Url": "http://www.dailymail.co.uk/sport/othersports/article-12826959/Man-United-fan-Helen-Housby-idolised-David-Beckham-England-netball-star-Sky-Sports-Editions.html",
      "PublishedOn": "2023-12-05T09:46:34.000Z",
      "Description": "England are set to take on South Africa in the three-match Vitality Netball International Series, with the first encounter taking place in Manchester on Tuesday night.",
      "Language": "en",
      "Image": "https://i.dailymail.co.uk/1s/2023/12/05/09/78587645-0-image-m-30_1701768914041.jpg",
      "SourceNationality": "gb",
      "TitleSentiment": {
        "sentiment": "positive",
        "score": 0.91
      },
      "Summary": "England netball star Helen Housby is relishing her role model status for women's sport as she became the latest athlete to get a Sky Sports Editions cover shoot. Housby, an avid Manchester United fan, grew up idolising David Beckham but now finds herself inspiring the next generation following the exponential growth in the popularity of women's sport.",
      "Countries": [
        "gb",
        "au",
        "za"
      ],
      "Categories": {
        "label": "Jai Alai (Pelota)",
        "IPTCCode": "medtop:20000968"
      }
    },
    {
      "Title": "Meghan Markle sports £180 phone case with £250 sunglasses and £78 New Balance trainers as she ignores Scobie fallout and steps out in Santa Barbara",
      "Source": "dailymail.co.uk",
      "Url": "https://www.dailymail.co.uk/femail/article-12826681/meghan-markle-new-balance-santa-barbara.html",
      "PublishedOn": "2023-12-05T09:39:09.000Z",
      "Description": "Meghan opted for an unassuming look in Santa Barbara, a few miles from her Montecito mansion , she accessorised with hundreds of pounds worth of accessories.",
      "Language": "en",
      "Image": "https://i.dailymail.co.uk/1s/2023/12/05/09/78578585-0-image-m-21_1701769060352.jpg",
      "SourceNationality": "gb",
      "TitleSentiment": {
        "sentiment": "positive",
        "score": 0.64
      },
      "Summary": "Harry and Meghan issued a statement saying it was not the late Queen or her husband Prince Philip, but have refused to name the members of the royal family who made the comments. A source told The Times that United Talent Agency had earlier sent a draft version of the book to publisher Xander Uitgevers, which contained the names.",
      "Countries": [
        "gb",
        "nl"
      ],
      "Categories": {
        "label": "luxury good",
        "IPTCCode": "medtop:20000249"
      }
    },
    {
      "Title": "Rugby needs to reassess its stance as social media’s molten rage takes a toll",
      "Source": "irishtimes.com",
      "Url": "http://www.irishtimes.com/sport/rugby/2023/12/05/rugby-needs-to-reassess-its-stance-as-social-medias-molten-rage-takes-a-toll",
      "PublishedOn": "2023-12-05T09:18:14.896Z",
      "Description": "The decision of both Owen Farrell and referee Tom Foley to step away from international rugby, in part because of online abuse, has set a worrying precedent",
      "Language": "en",
      "Image": "https://www.irishtimes.com/resizer/W7sudxm_jAAdVk8EidXymdxEHXU=/1200x630/filters:format(jpg):quality(70)/cloudfront-eu-central-1.images.arcpublishing.com/irishtimes/52ZAQXNHGEJFBTJ6RZQF74CSJ4.jpg",
      "SourceNationality": "ie",
      "TitleSentiment": {
        "sentiment": "negative",
        "score": -0.8
      },
      "Summary": "England’s Owen Farrell following the Rugby World Cup 2023 bronze medal match at the Stade de France in Saint-Denis, France. First the England captain, Owen Farrell, stepped aside from international rugby and now the referee Tom Foley, the television match official in the World Cup final, has followed suit.",
      "Countries": [
        "fr",
        "gb"
      ],
      "Categories": {
        "label": "rugby",
        "IPTCCode": "medtop:20001176"
      }
    },
    {
      "Title": "Champions Cup format still lacks the excitement of the old Heineken Cup days",
      "Source": "irishtimes.com",
      "Url": "http://www.irishtimes.com/sport/rugby/2023/12/05/latest-champions-cup-format-still-makes-one-pine-for-the-old-heineken-cup-days",
      "PublishedOn": "2023-12-05T09:18:04.192Z",
      "Description": "The reverberations from the Anglo-French coup in 2014 continue to affect the successful running of Europe’s primary club rugby competition",
      "Language": "en",
      "Image": "https://www.irishtimes.com/resizer/8xE55IvILqvjQ42rN9Lq-_X9qxw=/1200x630/filters:format(jpg):quality(70)/cloudfront-eu-central-1.images.arcpublishing.com/irishtimes/FWFTQXL7DFDECH7CEIGVAF2WIQ.jpg",
      "SourceNationality": "ie",
      "TitleSentiment": {
        "sentiment": "positive",
        "score": 0.42
      },
      "Summary": "Almost none of the promises made when the old tournament organisers, ERC, were the victim of a very Anglo/French coup in 2014 have come to fruition, and the latest revised format continues to make one pine for the old days of the Heineken Cup. Prior to the Anglo-French coup, the Heineken Cup enjoyed 15 seasons of a settled, straightforward and spectator-friendly format featuring 24 teams divided into six pools of four.",
      "Countries": [
        "fr",
        "gb",
        "ie"
      ],
      "Categories": {
        "label": "Gaelic football",
        "IPTCCode": "medtop:20000939"
      }
    },
    {
      "Title": "Patrick Dempsey links arms with wife Jillian Fink as he attends Ferrari premiere after being named People's Sexiest Man Alive",
      "Source": "dailymail.co.uk",
      "Url": "http://www.dailymail.co.uk/tvshowbiz/article-12826725/Patrick-Dempsey-links-arms-wife-Jillian-Fink-attends-Ferrari-premiere-named-Peoples-Sexiest-Man-Alive.html",
      "PublishedOn": "2023-12-05T09:00:27.000Z",
      "Description": "The actor, 59, who was recently named People Magazine's Sexiest Man Alive, cut a dapper figure in a black blazer and matching trousers.",
      "Language": "en",
      "Image": "https://i.dailymail.co.uk/1s/2023/12/05/08/78586743-0-image-m-76_1701766252489.jpg",
      "SourceNationality": "gb",
      "TitleSentiment": {
        "sentiment": "positive",
        "score": 0.86
      },
      "Summary": "He is the oldest star to earn the title since Sean Connery was named People's Sexiest Man Alive more than 30 years ago in 1989 when he was 59 years old. Patrick had early success as an actor in the 1980s, where he starred in an array of rom-coms including 1987's Can't Buy Me Love and 1989's Loverboy.",
      "Countries": [
        "us"
      ],
      "Categories": {
        "label": "competition discipline",
        "IPTCCode": "medtop:20000822"
      }
    },
    {
      "Title": "Andrews gave direction not to inform Games minister, inquiry hears",
      "Source": "theage.com.au",
      "Url": "https://www.theage.com.au/politics/victoria/andrews-gave-direction-not-to-inform-games-minister-inquiry-hears-20231205-p5ep2d.html",
      "PublishedOn": "2023-12-05T08:36:13.000Z",
      "Description": "“This, I think, has been the only time I’ve had a conversation like the one that I had,” Department of Jobs secretary Tim Ada said.",
      "Language": "en",
      "Image": "https://static.ffx.io/images/$zoom_0.26968293016263495%2C$multiply_0.7554%2C$ratio_1.776846%2C$width_1059%2C$x_871%2C$y_21/t_crop_custom/q_86%2Cf_auto/t_theage_no_label_no_age_social_wm/b1a667eb1c1fa91109fee1def2d549c3bcf83083",
      "SourceNationality": "au",
      "TitleSentiment": {
        "sentiment": "negative",
        "score": -0.59
      },
      "Summary": "But the commission on Tuesday said it had no power to investigate. Previously, she was a city reporter and has covered breaking news.",
      "Countries": [],
      "Categories": {
        "label": "public inquiry",
        "IPTCCode": "medtop:20001262"
      }
    },
    {
      "Title": "Kooyong president warns members against ‘inappropriate comments’ to staff as accounting giant probes millions in losses",
      "Source": "theage.com.au",
      "Url": "https://www.theage.com.au/sport/tennis/kooyong-president-warns-members-against-inappropriate-comments-to-staff-as-accounting-giant-probes-millions-in-losses-20231204-p5eote.html",
      "PublishedOn": "2023-12-05T08:33:27.000Z",
      "Description": "Kooyong Lawn Tennis Club has appointed Grant Thornton, the same firm that investigated Hillsong Church’s financials, to investigate its millions in losses",
      "Language": "en",
      "Image": "https://static.ffx.io/images/$zoom_0.5519%2C$multiply_0.7554%2C$ratio_1.777778%2C$width_1059%2C$x_0%2C$y_41/t_crop_custom/q_86%2Cf_auto/t_theage_no_label_no_age_social_wm/dc392c8d206cf8e031b909d415fb8ba7a723b24a",
      "SourceNationality": "au",
      "TitleSentiment": {
        "sentiment": "negative",
        "score": -0.87
      },
      "Summary": "Kooyong Lawn Tennis Club, one of Australia’s most prestigious tennis venues, has called in accounting giant Grant Thornton to investigate a $2.4 million loss from its club dining and functions operations.The announcement comes amid a growing feud within the exclusive gated club, with several members concerned by what they said was a lack of transparency, while the president has issued a warning to members against making “inappropriate comments” to staff about the ongoing financial issues.Members of Kooyong Lawn Tennis Club are concerned about a lack of transparency from the board, following the announcement that accounting giant Grant Thornton would investigate the club’s missing millions. The need to call in external auditors to review its books was prompted after the club announced an overall $2.4 million loss from its club dining and functions operations, and an overall loss of nearly $1 million – a seven-figure swing from the previous year’s $980,000 profit.The loss-making year came despite an increase in memberships and record operational levels.In the club’s annual report, Kooyong treasurer Ian Anderson attributed the cost blowout to catering and staff costs.",
      "Countries": [
        "au"
      ],
      "Categories": {
        "label": "referenda",
        "IPTCCode": "medtop:20000584"
      }
    },
    {
      "Title": "RCB skipper Smriti Mandhana bats for multi-city format in WPL",
      "Source": "punjabnewsexpress.com",
      "Url": "http://punjabnewsexpress.com/sports/news/rcb-skipper-smriti-mandhana-bats-for-multi-city-format-in-wpl-231480",
      "PublishedOn": "2023-12-05T08:14:52.372Z",
      "Description": "RCB women’s team captain Smriti Mandhana shared her perspectives on the potential impact of a multi-city format for the Women's Premier League (WPL) while speaking at the RCB Innovation Lab’s Leaders Meet India, here.",
      "Language": "en",
      "Image": "https://www.punjabnewsexpress.com/images/article/article231480.jpg",
      "SourceNationality": "in",
      "TitleSentiment": {
        "sentiment": "positive",
        "score": 0.92
      },
      "Summary": "While reflecting on the success of the WPL, Smriti Mandhana expressed enthusiasm for the prospect of adopting a multi-city format at the first-of-its-kind summit that brought together influential leaders from various industries to delve into the future of sports. That is something which is one step ahead for us that it (multi-city format) can reach to places where women's cricket hasn't reached and to get new audience going into women's cricket, ” Mandhana commented.",
      "Countries": [
        "in"
      ],
      "Categories": {
        "label": "cricket",
        "IPTCCode": "medtop:20000888"
      }
    },
    {
      "Title": "Joao Felix is FC Barcelona’s hero and shakes up the LaLiga title race",
      "Source": "punjabnewsexpress.com",
      "Url": "http://punjabnewsexpress.com/sports/news/joao-felix-is-fc-barcelonas-hero-and-shakes-up-the-laliga-title-race-231479",
      "PublishedOn": "2023-12-05T08:14:52.352Z",
      "Description": "FC Barcelona desperately needed the three points when they hosted Atletico de Madrid on Sunday night, and they got the job done. A Joao Felix goal in the first half was enough for Barca to secure a 1-0 victory, one which completely shakes up the LaLiga EA Sports title race.",
      "Language": "en",
      "Image": "https://www.punjabnewsexpress.com/images/article/article231479.jpg",
      "SourceNationality": "in",
      "TitleSentiment": {
        "sentiment": "positive",
        "score": 0.99
      },
      "Summary": "A Joao Felix goal in the first half was enough for Barca to secure a 1-0 victory, one which completely shakes up the LaLiga EA Sports title race. Even though Joao Felix is on loan at the Estadi Olimpic from Atleti, he was keen to celebrate the goal given its importance for his current club.",
      "Countries": [
        "ar",
        "es",
        "pt",
        "nl"
      ],
      "Categories": {
        "label": "sport",
        "IPTCCode": "medtop:15000000"
      }
    },
    {
      "Title": "Special Olympics Bharat conducts three-day National Youth Leadership Summit 2023",
      "Source": "punjabnewsexpress.com",
      "Url": "http://punjabnewsexpress.com/sports/news/special-olympics-bharat-conducts-three-day-national-youth-leadership-summit-2023-231478",
      "PublishedOn": "2023-12-05T08:14:52.303Z",
      "Description": "The fifth edition of National Youth Leadership Summit 2023 organised by Special Olympics Bharat came to a close.",
      "Language": "en",
      "Image": "https://www.punjabnewsexpress.com/images/article/article231478.jpg",
      "SourceNationality": "in",
      "TitleSentiment": {
        "sentiment": "positive",
        "score": 0.81
      },
      "Summary": "The key highlight on Day 2 was the panel Discussion on topic 'Leveraging education spaces building communities of acceptance and inclusion with A Srija, Economic Advisor, Department of School Education & Literacy, Govt of India, Dr Mallika Nadda, President, Special Olympics Bharat, Pam Rolink, Manager, Youth Initiatives, Asia Pacific Region, Special Olympics SOAP, Prof (Dr) Jayanti Pujari, Dean, Faculty of Rehabilitation Sciences, Professor & Director, Amity Institute of Rehabilitation Sciences, and Mala Arora, Consultant, Inclusion as the panellists. Himanshu Gupta, Director- Directorate of Education & Sports, Govt of Delhi and NCT said, \"Special Olympics Bharat is doing wonderful work for specially-abled children through the concept of unified sports, and promoting diversity and inclusion via sports.",
      "Countries": [
        "in"
      ],
      "Categories": {
        "label": "decathlon",
        "IPTCCode": "medtop:20000829"
      }
    },
    {
      "Title": "\"Pose As Lawyers, Activists\": How Chinese Accounts Spread Fake News In India",
      "Source": "ndtv.com",
      "Url": "https://www.ndtv.com/india-news/accounts-from-china-posed-as-indians-tried-to-spread-fake-news-facebook-4635168",
      "PublishedOn": "2023-12-05T08:10:01.000Z",
      "Description": "A recent report by Meta has highlighted the growing menace of fake Facebook accounts originating from China spreading fake news about India.",
      "Language": "en",
      "Image": "https://c.ndtvimg.com/2023-12/9gg52nj8_hackers-generic_625x300_05_December_23.jpeg?ver-20231203.06",
      "SourceNationality": "in",
      "TitleSentiment": {
        "sentiment": "negative",
        "score": -0.35
      },
      "Summary": "Meta, in its quarterly threat report, revealed that it dismantled a large network of fake accounts originating from China earlier this year. The accounts, pretending to be Indians, were actively involved in spreading misleading information on Indian politics and other issues of national security.",
      "Countries": [
        "gb",
        "in",
        "cn"
      ],
      "Categories": {
        "label": "arts, culture, entertainment and media",
        "IPTCCode": "medtop:01000000"
      }
    },
    {
      "Title": "e happy with themselves",
      "Source": "tribune.com.pk",
      "Url": "https://tribune.com.pk/story/2448993/people-who-are-happy-with-themselves-will-never-make-you-feel-bad-about-yourself-mashal-khan",
      "PublishedOn": "2023-12-05T08:02:38.000Z",
      "Description": "Actor also detailed her varied hobbies and showbiz experiences in an interview",
      "Language": "en",
      "Image": "https://i.tribune.com.pk/media/images/Screenshot-(149)1701763003-0/Screenshot-(149)1701763003-0.png",
      "SourceNationality": "pk",
      "TitleSentiment": {
        "sentiment": "positive",
        "score": 1
      },
      "Summary": "Renowned for her roles in Parizaad and Pyari Mona, Pakistani actor Mashal Khan graced the couch at The Talk Talk Show with host Hassan Choudary for a heartfelt conversation about her diverse repertoire and experiences in showbiz. We don't show well-rounded people.” Mashal cited her interest in sports and contended how seldom it is to see characters on screen casually taking up sports as a hobby.",
      "Countries": [
        "pk"
      ],
      "Categories": {
        "label": "human interest",
        "IPTCCode": "medtop:08000000"
      }
    }
  ]
}